suburb,households,population,rent_stress,mortgage_stress,accommodation,retail,arts,community,sales,labourers,employment
Kambah,5739,14900,279,1626,419,495,122,809,492,400,2051
Ngunnawal,3955,10486,269,1588,402,487,76,694,459,341,1863
Jerrabomberra,3200,9508,81,1093,259,421,68,525,433,216,1422
Karabar,3174,8241,241,799,214,387,50,469,366,414,1466
Harrison,2686,7691,209,965,338,310,60,505,304,174,1248
Gordon (ACT),2870,7610,168,1025,252,396,54,480,366,239,1318
Wanniassa,2912,7511,120,807,192,309,66,411,286,210,1106
Kaleen,2638,7270,135,604,252,269,63,420,285,216,1112
Dunlop,2458,7199,59,1150,239,292,47,402,289,233,1125
Bruce (ACT),2664,6996,312,337,410,381,99,577,359,179,1365
Nicholls,2289,6862,45,644,225,308,47,343,312,168,1018
Macgregor (ACT),2498,6794,91,1144,220,316,58,407,266,247,1146
Bonner,2037,6730,107,1012,185,279,35,404,263,172,1030
Belconnen,3003,6651,505,434,381,332,72,465,299,213,1242
Franklin (ACT),2302,6420,229,819,350,309,51,380,259,182,1148
Queanbeyan,2957,6239,330,609,218,315,39,423,291,289,1204
Gungahlin,2152,6131,263,435,317,298,50,388,268,226,1127
Narrabundah,2478,5956,196,511,137,193,59,237,160,110,673
Watson,2474,5865,183,597,209,171,87,287,178,173,833
Calwell,2040,5761,83,749,182,260,39,380,238,162,939
Casey,2095,5759,117,1074,211,236,46,394,237,157,997
Amaroo (ACT),1868,5708,64,714,194,198,52,348,234,147,856
Palmerston (ACT),2061,5529,134,570,208,272,44,303,244,199,931
Braddon,2735,5500,376,342,325,188,59,324,186,146,869
O'Connor (ACT),2266,5477,205,408,247,148,90,315,165,134,785
Monash (ACT),2094,5428,41,486,153,179,35,278,187,143,736
Evatt,1908,5329,66,585,182,199,58,286,192,141,797
Curtin,2043,5234,69,338,160,151,37,212,155,89,567
Ainslie,2138,5183,134,373,136,131,79,219,117,78,552
Chisholm (ACT),1865,5118,78,657,155,236,55,334,219,191,894
Lyneham,2382,5114,280,260,198,167,53,252,132,154,707
Conder,1731,5059,93,653,149,261,35,318,232,159,827
Campbell,1519,5001,47,166,98,101,40,324,95,41,552
Banks,1760,4967,94,764,154,245,38,279,243,155,826
Florey,1873,4769,161,367,183,192,35,300,196,136,772
Holt,2055,4623,140,557,113,168,40,238,139,120,652
Crestwood,2178,4599,226,482,159,223,31,289,232,233,909
Griffith (ACT),2308,4576,150,357,131,117,40,167,126,68,482
Crace,1593,4456,81,681,153,146,20,261,145,86,640
Kingston (ACT),2649,4425,178,386,131,86,34,206,114,44,476
Isabella Plains,1522,4403,82,553,111,181,32,271,173,148,716
Forde,1384,4307,47,664,125,168,24,223,169,56,556
City,1412,4275,182,113,250,144,39,236,173,67,577
Turner,2048,4049,291,220,175,131,36,186,113,128,546
Queanbeyan East,1989,3936,247,364,170,240,20,250,216,218,842
Theodore (ACT),1360,3799,63,539,112,183,25,252,176,139,671
Bonython,1496,3783,87,392,135,180,20,207,153,124,612
Downer,1448,3660,124,283,185,87,39,212,83,163,592
Latham (ACT),1373,3637,53,463,82,124,26,210,110,125,543
Weston (ACT),1352,3580,42,330,68,73,22,119,74,60,306
Garran,1287,3499,50,193,84,64,26,133,82,37,322
Flynn (ACT),1206,3355,13,346,95,132,36,176,125,78,473
Giralang,1214,3312,44,296,81,127,34,182,114,79,469
Mawson,1434,3254,92,225,113,139,25,175,114,89,489
Farrer,1273,3224,11,223,105,111,30,175,110,60,422
Rivett,1289,3190,79,324,79,99,22,136,97,96,411
Red Hill (ACT),1184,3169,36,162,91,103,30,101,91,41,337
Duffy,1217,3162,38,273,77,80,14,159,84,67,368
Melba,1209,3148,50,303,68,122,42,141,108,88,411
Queanbeyan West,1238,3136,91,309,98,159,21,184,144,147,573
Lyons (ACT),1380,3089,126,141,103,99,25,166,82,117,453
Higgins,1165,3069,44,348,74,119,23,183,87,97,446
Gowrie (ACT),1116,3055,42,334,92,87,11,167,108,73,406
Page,1210,3023,66,218,88,85,17,164,84,88,415
Richardson,1119,3008,45,363,69,126,16,170,123,148,506
Fisher (ACT),1213,3000,44,303,97,93,30,151,89,56,379
Hackett,1222,2996,62,221,89,57,47,118,75,56,320
Hughes (ACT),1112,2993,36,181,66,78,22,117,66,50,292
Charnwood,1162,2979,65,353,96,140,27,190,118,144,533
Hawker (ACT),1216,2956,40,222,96,103,10,142,96,71,389
Fadden,1076,2953,15,315,86,106,32,162,98,51,395
Phillip,1546,2935,112,253,110,111,21,166,84,121,489
Scullin,1184,2931,76,260,101,111,29,176,102,86,469
Yarralumla,1335,2888,41,127,60,67,29,87,80,37,270
Deakin,1287,2874,19,178,53,66,27,105,67,26,257
Cook,1275,2804,23,289,62,91,26,113,89,51,316
Wright,1150,2755,23,601,68,111,23,143,106,53,398
Gilmore (ACT),939,2751,40,288,81,109,11,122,113,109,403
McKellar,982,2749,26,200,93,127,21,122,105,91,402
Macquarie,1142,2703,97,163,100,101,31,147,88,58,389
Chapman,993,2687,13,232,65,75,24,110,79,39,285
Waramanga,1097,2627,60,271,57,86,18,124,69,60,316
Holder (ACT),1086,2604,21,242,73,80,22,96,71,50,305
Spence (ACT),951,2584,44,251,62,84,20,158,84,67,374
Pearce,1068,2582,34,201,71,72,17,113,76,44,289
Weetangera,941,2575,9,189,66,64,22,103,75,53,279
Chifley (ACT),1063,2407,45,173,67,77,30,134,70,65,347
Aranda,922,2397,8,185,57,43,39,106,54,48,270
Isaacs,955,2345,20,116,59,69,22,95,59,39,260
Torrens,843,2206,13,128,89,86,13,123,80,43,309
Dickson,1011,2148,119,104,89,51,31,118,69,64,310
Stirling (ACT),783,2134,9,104,51,50,15,93,55,46,241
Acton (ACT),11,2086,0,0,213,104,19,240,121,49,439
Fraser,728,2027,10,231,40,52,21,104,62,48,245
Greenway,980,1892,61,109,53,59,11,99,61,41,262
Coombs,654,1810,6,336,48,51,12,92,47,31,212
Oxley (ACT),621,1697,20,155,49,73,7,103,69,48,274
Reid (ACT),864,1640,80,46,82,42,8,65,47,54,204
Forrest (ACT),771,1609,19,101,40,31,6,58,54,9,148
Barton,930,1436,43,116,54,23,16,60,28,11,154
Macarthur (ACT),472,1426,0,119,23,45,9,89,45,39,201
O'Malley,322,990,0,26,25,24,5,29,34,14,100
Greenleigh,248,684,0,28,25,20,0,44,22,11,93
Jacka,241,666,0,91,10,22,0,46,26,15,101
Symonston,294,559,31,0,18,18,0,19,15,42,85
