suburb,households,population,household_stress,employment_vulnerability,rent_stress,mortgage_stress,accommodation,retail,arts,community,sales,labourers,employment
Acton (ACT),11,2086,0,0.210450623,0,0,213,104,19,240,121,49,439
Ainslie,2138,5183,0.237137512,0.106502026,134,373,136,131,79,219,117,78,552
Amaroo (ACT),1868,5708,0.416488223,0.149964961,64,714,194,198,52,348,234,147,856
Aranda,922,2397,0.209327549,0.112640801,8,185,57,43,39,106,54,48,270
Banks,1760,4967,0.4875,0.166297564,94,764,154,245,38,279,243,155,826
Barton,930,1436,0.170967742,0.10724234,43,116,54,23,16,60,28,11,154
Belconnen,3003,6651,0.312687313,0.186738836,505,434,381,332,72,465,299,213,1242
Bonner,2037,6730,0.549337261,0.153046062,107,1012,185,279,35,404,263,172,1030
Bonython,1496,3783,0.320187166,0.161776368,87,392,135,180,20,207,153,124,612
Braddon,2735,5500,0.262522852,0.158,376,342,325,188,59,324,186,146,869
Bruce (ACT),2664,6996,0.243618619,0.195111492,312,337,410,381,99,577,359,179,1365
Calwell,2040,5761,0.407843137,0.162992536,83,749,182,260,39,380,238,162,939
Campbell,1519,5001,0.140223831,0.110377924,47,166,98,101,40,324,95,41,552
Casey,2095,5759,0.56849642,0.173120333,117,1074,211,236,46,394,237,157,997
Chapman,993,2687,0.24672709,0.106066245,13,232,65,75,24,110,79,39,285
Charnwood,1162,2979,0.359724613,0.1789191,65,353,96,140,27,190,118,144,533
Chifley (ACT),1063,2407,0.205079962,0.144162858,45,173,67,77,30,134,70,65,347
Chisholm (ACT),1865,5118,0.394101877,0.174677608,78,657,155,236,55,334,219,191,894
City,1412,4275,0.208923513,0.13497076,182,113,250,144,39,236,173,67,577
Conder,1731,5059,0.43096476,0.163471042,93,653,149,261,35,318,232,159,827
Cook,1275,2804,0.244705882,0.112696148,23,289,62,91,26,113,89,51,316
Coombs,654,1810,0.52293578,0.117127072,6,336,48,51,12,92,47,31,212
Crace,1593,4456,0.47834275,0.143626571,81,681,153,146,20,261,145,86,640
Crestwood,2178,4599,0.325068871,0.197651663,226,482,159,223,31,289,232,233,909
Curtin,2043,5234,0.199216838,0.108330149,69,338,160,151,37,212,155,89,567
Deakin,1287,2874,0.153069153,0.089422408,19,178,53,66,27,105,67,26,257
Dickson,1011,2148,0.220573689,0.144320298,119,104,89,51,31,118,69,64,310
Downer,1448,3660,0.281077348,0.161748634,124,283,185,87,39,212,83,163,592
Duffy,1217,3162,0.255546426,0.116382037,38,273,77,80,14,159,84,67,368
Dunlop,2458,7199,0.491863303,0.156271704,59,1150,239,292,47,402,289,233,1125
Evatt,1908,5329,0.341194969,0.149559017,66,585,182,199,58,286,192,141,797
Fadden,1076,2953,0.30669145,0.133762276,15,315,86,106,32,162,98,51,395
Farrer,1273,3224,0.183817753,0.1308933,11,223,105,111,30,175,110,60,422
Fisher (ACT),1213,3000,0.286067601,0.126333333,44,303,97,93,30,151,89,56,379
Florey,1873,4769,0.281900694,0.161878801,161,367,183,192,35,300,196,136,772
Flynn (ACT),1206,3355,0.297678275,0.140983607,13,346,95,132,36,176,125,78,473
Forde,1384,4307,0.513728324,0.129092176,47,664,125,168,24,223,169,56,556
Forrest (ACT),771,1609,0.155642023,0.091982598,19,101,40,31,6,58,54,9,148
Franklin (ACT),2302,6420,0.455256299,0.178816199,229,819,350,309,51,380,259,182,1148
Fraser,728,2027,0.331043956,0.120868278,10,231,40,52,21,104,62,48,245
Garran,1287,3499,0.188811189,0.092026293,50,193,84,64,26,133,82,37,322
Gilmore (ACT),939,2751,0.349307774,0.146492185,40,288,81,109,11,122,113,109,403
Giralang,1214,3312,0.280065898,0.14160628,44,296,81,127,34,182,114,79,469
Gordon (ACT),2870,7610,0.415679443,0.173193167,168,1025,252,396,54,480,366,239,1318
Gowrie (ACT),1116,3055,0.336917563,0.13289689,42,334,92,87,11,167,108,73,406
Greenway,980,1892,0.173469388,0.138477801,61,109,53,59,11,99,61,41,262
Griffith (ACT),2308,4576,0.219670711,0.105332168,150,357,131,117,40,167,126,68,482
Gungahlin,2152,6131,0.324349442,0.183819931,263,435,317,298,50,388,268,226,1127
Hackett,1222,2996,0.231587561,0.106809079,62,221,89,57,47,118,75,56,320
Harrison,2686,7691,0.437081162,0.162267585,209,965,338,310,60,505,304,174,1248
Hawker (ACT),1216,2956,0.215460526,0.131596752,40,222,96,103,10,142,96,71,389
Higgins,1165,3069,0.336480687,0.14532421,44,348,74,119,23,183,87,97,446
Holder (ACT),1086,2604,0.242173112,0.117127496,21,242,73,80,22,96,71,50,305
Holt,2055,4623,0.339172749,0.141033961,140,557,113,168,40,238,139,120,652
Hughes (ACT),1112,2993,0.195143885,0.097560976,36,181,66,78,22,117,66,50,292
Isaacs,955,2345,0.142408377,0.1108742,20,116,59,69,22,95,59,39,260
Isabella Plains,1522,4403,0.417214192,0.162616398,82,553,111,181,32,271,173,148,716
Jerrabomberra,3200,9508,0.366875,0.149558267,81,1093,259,421,68,525,433,216,1422
Kaleen,2638,7270,0.280136467,0.152957359,135,604,252,269,63,420,285,216,1112
Kambah,5739,14900,0.331939362,0.137651007,279,1626,419,495,122,809,492,400,2051
Karabar,3174,8241,0.327662256,0.177891033,241,799,214,387,50,469,366,414,1466
Kingston (ACT),2649,4425,0.212910532,0.107570621,178,386,131,86,34,206,114,44,476
Latham (ACT),1373,3637,0.375819374,0.149298873,53,463,82,124,26,210,110,125,543
Lyneham,2382,5114,0.226700252,0.138247947,280,260,198,167,53,252,132,154,707
Lyons (ACT),1380,3089,0.193478261,0.146649401,126,141,103,99,25,166,82,117,453
Macarthur (ACT),472,1426,0.252118644,0.140953717,0,119,23,45,9,89,45,39,201
Macgregor (ACT),2498,6794,0.494395516,0.168678246,91,1144,220,316,58,407,266,247,1146
Macquarie,1142,2703,0.227670753,0.143914169,97,163,100,101,31,147,88,58,389
Mawson,1434,3254,0.221059972,0.150276583,92,225,113,139,25,175,114,89,489
McKellar,982,2749,0.230142566,0.146234995,26,200,93,127,21,122,105,91,402
Melba,1209,3148,0.29197684,0.130559085,50,303,68,122,42,141,108,88,411
Monash (ACT),2094,5428,0.251671442,0.13559322,41,486,153,179,35,278,187,143,736
Narrabundah,2478,5956,0.285310734,0.112995299,196,511,137,193,59,237,160,110,673
Ngunnawal,3955,10486,0.469532238,0.177665459,269,1588,402,487,76,694,459,341,1863
Nicholls,2289,6862,0.301004806,0.14835325,45,644,225,308,47,343,312,168,1018
O'Connor (ACT),2266,5477,0.270520741,0.143326639,205,408,247,148,90,315,165,134,785
Oxley (ACT),621,1697,0.281803543,0.161461402,20,155,49,73,7,103,69,48,274
Page,1210,3023,0.234710744,0.137280847,66,218,88,85,17,164,84,88,415
Palmerston (ACT),2061,5529,0.341581756,0.16838488,134,570,208,272,44,303,244,199,931
Pearce,1068,2582,0.220037453,0.111928737,34,201,71,72,17,113,76,44,289
Phillip,1546,2935,0.236093144,0.166609881,112,253,110,111,21,166,84,121,489
Queanbeyan,2957,6239,0.317551573,0.192979644,330,609,218,315,39,423,291,289,1204
Queanbeyan East,1989,3936,0.307189542,0.213922764,247,364,170,240,20,250,216,218,842
Queanbeyan West,1238,3136,0.323101777,0.182716837,91,309,98,159,21,184,144,147,573
Red Hill (ACT),1184,3169,0.16722973,0.106342695,36,162,91,103,30,101,91,41,337
Reid (ACT),864,1640,0.145833333,0.124390244,80,46,82,42,8,65,47,54,204
Richardson,1119,3008,0.36461126,0.168218085,45,363,69,126,16,170,123,148,506
Rivett,1289,3190,0.312645462,0.128840125,79,324,79,99,22,136,97,96,411
Scullin,1184,2931,0.283783784,0.160013647,76,260,101,111,29,176,102,86,469
Spence (ACT),951,2584,0.31019979,0.144736842,44,251,62,84,20,158,84,67,374
Stirling (ACT),783,2134,0.144316731,0.112933458,9,104,51,50,15,93,55,46,241
Theodore (ACT),1360,3799,0.442647059,0.176625428,63,539,112,183,25,252,176,139,671
Torrens,843,2206,0.167259786,0.140072529,13,128,89,86,13,123,80,43,309
Turner,2048,4049,0.249511719,0.134848111,291,220,175,131,36,186,113,128,546
Wanniassa,2912,7511,0.318337912,0.147250699,120,807,192,309,66,411,286,210,1106
Waramanga,1097,2627,0.301731996,0.120289303,60,271,57,86,18,124,69,60,316
Watson,2474,5865,0.315278901,0.142028986,183,597,209,171,87,287,178,173,833
Weetangera,941,2575,0.210414453,0.108349515,9,189,66,64,22,103,75,53,279
Weston (ACT),1352,3580,0.275147929,0.08547486,42,330,68,73,22,119,74,60,306
Wright,1150,2755,0.542608696,0.14446461,23,601,68,111,23,143,106,53,398
Yarralumla,1335,2888,0.125842697,0.093490305,41,127,60,67,29,87,80,37,270
